{
  "tng_points": 313485,
  "tng_galaxies": 20899,
  "sparc_points": 2800,
  "sparc_galaxies": 135,
  "thresholds": [
    -10.4,
    -10.5,
    -10.6,
    -10.7,
    -10.8
  ],
  "min_pts": [
    10,
    15,
    20
  ],
  "rmins": [
    0.0,
    0.5,
    1.0,
    2.0
  ],
  "massmatch_caliper_dex": 0.1,
  "best_massmatched": [
    {
      "dm_threshold": -10.6,
      "min_pts": 15,
      "rmin_kpc": 2.0,
      "tng_gal": 1323,
      "sparc_gal": 25,
      "massmatch_pairs": 15,
      "massmatch_mean_abs_dlogM": 0.004200717197323911,
      "un_n_tng": 1323,
      "un_n_sparc": 25,
      "un_mw_p": 2.264835452843528e-07,
      "un_cliffs_delta": 0.6035676492819351,
      "un_median_tng": 0.08475885050972932,
      "un_median_sparc": 0.039461345843141794,
      "un_median_diff": 0.04529750466658753,
      "un_median_ratio": 2.1478955848754975,
      "mm_n_tng": 15,
      "mm_n_sparc": 15,
      "mm_mw_p": 0.00013564226281566485,
      "mm_cliffs_delta": 0.8222222222222222,
      "mm_median_tng": 0.11801207281593912,
      "mm_median_sparc": 0.032934168392281624,
      "mm_median_diff": 0.0850779044236575,
      "mm_median_ratio": 3.5832716773135878,
      "mm_score": 3.1800307562621293
    },
    {
      "dm_threshold": -10.7,
      "min_pts": 15,
      "rmin_kpc": 2.0,
      "tng_gal": 985,
      "sparc_gal": 25,
      "massmatch_pairs": 13,
      "massmatch_mean_abs_dlogM": 0.005248902221325125,
      "un_n_tng": 985,
      "un_n_sparc": 25,
      "un_mw_p": 1.6982283257009404e-08,
      "un_cliffs_delta": 0.6598578680203047,
      "un_median_tng": 0.09111293243236306,
      "un_median_sparc": 0.037041079171840297,
      "un_median_diff": 0.05407185326052276,
      "un_median_ratio": 2.4597807210117613,
      "mm_n_tng": 13,
      "mm_n_sparc": 13,
      "mm_mw_p": 0.00022222837004574992,
      "mm_cliffs_delta": 0.8579881656804733,
      "mm_median_tng": 0.13296506618322365,
      "mm_median_sparc": 0.032934168392281624,
      "mm_median_diff": 0.10003089779094203,
      "mm_median_ratio": 4.037298425133001,
      "mm_score": 3.1344027950817535
    },
    {
      "dm_threshold": -10.8,
      "min_pts": 15,
      "rmin_kpc": 2.0,
      "tng_gal": 661,
      "sparc_gal": 22,
      "massmatch_pairs": 9,
      "massmatch_mean_abs_dlogM": 0.010356783008886181,
      "un_n_tng": 661,
      "un_n_sparc": 22,
      "un_mw_p": 1.923600320662381e-08,
      "un_cliffs_delta": 0.7036171090634025,
      "un_median_tng": 0.09943530152990336,
      "un_median_sparc": 0.034477051928519825,
      "un_median_diff": 0.06495824960138354,
      "un_median_ratio": 2.884101045996027,
      "mm_n_tng": 9,
      "mm_n_sparc": 9,
      "mm_mw_p": 0.0019976900972723025,
      "mm_cliffs_delta": 0.8765432098765431,
      "mm_median_tng": 0.11801207281593912,
      "mm_median_sparc": 0.032934168392281624,
      "mm_median_diff": 0.0850779044236575,
      "mm_median_ratio": 3.5832716773135878,
      "mm_score": 2.3662037494881503
    },
    {
      "dm_threshold": -10.7,
      "min_pts": 15,
      "rmin_kpc": 0.5,
      "tng_gal": 1898,
      "sparc_gal": 31,
      "massmatch_pairs": 14,
      "massmatch_mean_abs_dlogM": 0.01050865514578016,
      "un_n_tng": 1898,
      "un_n_sparc": 31,
      "un_mw_p": 0.00012273711679815534,
      "un_cliffs_delta": 0.4016112036439037,
      "un_median_tng": 0.08603147721588496,
      "un_median_sparc": 0.046160395325761897,
      "un_median_diff": 0.03987108189012306,
      "un_median_ratio": 1.8637508758048094,
      "mm_n_tng": 14,
      "mm_n_sparc": 14,
      "mm_mw_p": 0.001018886199545322,
      "mm_cliffs_delta": 0.7346938775510203,
      "mm_median_tng": 0.13150178436194182,
      "mm_median_sparc": 0.04134837188354623,
      "mm_median_diff": 0.09015341247839559,
      "mm_median_ratio": 3.1803376619593178,
      "mm_score": 2.1981117453687777
    },
    {
      "dm_threshold": -10.7,
      "min_pts": 15,
      "rmin_kpc": 1.0,
      "tng_gal": 1898,
      "sparc_gal": 29,
      "massmatch_pairs": 14,
      "massmatch_mean_abs_dlogM": 0.01050865514578016,
      "un_n_tng": 1898,
      "un_n_sparc": 29,
      "un_mw_p": 4.781971797371829e-06,
      "un_cliffs_delta": 0.49427709748919013,
      "un_median_tng": 0.08603147721588496,
      "un_median_sparc": 0.041579014817487575,
      "un_median_diff": 0.04445246239839738,
      "un_median_ratio": 2.0691081208518987,
      "mm_n_tng": 14,
      "mm_n_sparc": 14,
      "mm_mw_p": 0.0011981866016767772,
      "mm_cliffs_delta": 0.7244897959183674,
      "mm_median_tng": 0.13150178436194182,
      "mm_median_sparc": 0.03970450656451949,
      "mm_median_diff": 0.09179727779742233,
      "mm_median_ratio": 3.312011550836239,
      "mm_score": 2.1165792185318444
    },
    {
      "dm_threshold": -10.7,
      "min_pts": 15,
      "rmin_kpc": 0.0,
      "tng_gal": 1898,
      "sparc_gal": 33,
      "massmatch_pairs": 15,
      "massmatch_mean_abs_dlogM": 0.009815591337523698,
      "un_n_tng": 1898,
      "un_n_sparc": 33,
      "un_mw_p": 0.001309995596825185,
      "un_cliffs_delta": 0.3258932847973943,
      "un_median_tng": 0.08603147721588496,
      "un_median_sparc": 0.04752544796165174,
      "un_median_diff": 0.038506029254233215,
      "un_median_ratio": 1.8102191753206347,
      "mm_n_tng": 15,
      "mm_n_sparc": 15,
      "mm_mw_p": 0.0012151954178690621,
      "mm_cliffs_delta": 0.6977777777777778,
      "mm_median_tng": 0.13003850254065996,
      "mm_median_sparc": 0.046160395325761897,
      "mm_median_diff": 0.08387810721489806,
      "mm_median_ratio": 2.8171011453206964,
      "mm_score": 2.0342691495433427
    },
    {
      "dm_threshold": -10.4,
      "min_pts": 15,
      "rmin_kpc": 2.0,
      "tng_gal": 2106,
      "sparc_gal": 29,
      "massmatch_pairs": 18,
      "massmatch_mean_abs_dlogM": 0.010182762118379528,
      "un_n_tng": 2106,
      "un_n_sparc": 29,
      "un_mw_p": 2.055456739802969e-06,
      "un_cliffs_delta": 0.5126567770245931,
      "un_median_tng": 0.07252639343791098,
      "un_median_sparc": 0.037041079171840297,
      "un_median_diff": 0.03548531426607068,
      "un_median_ratio": 1.9579989314417072,
      "mm_n_tng": 18,
      "mm_n_sparc": 18,
      "mm_mw_p": 0.0011829627696506929,
      "mm_cliffs_delta": 0.6358024691358024,
      "mm_median_tng": 0.09611185635811723,
      "mm_median_sparc": 0.03382072506148226,
      "mm_median_diff": 0.062291131296634966,
      "mm_median_ratio": 2.841803544524747,
      "mm_score": 1.8610122166826857
    },
    {
      "dm_threshold": -10.5,
      "min_pts": 15,
      "rmin_kpc": 2.0,
      "tng_gal": 1703,
      "sparc_gal": 28,
      "massmatch_pairs": 16,
      "massmatch_mean_abs_dlogM": 0.003087546411842057,
      "un_n_tng": 1703,
      "un_n_sparc": 28,
      "un_mw_p": 1.7996094272132143e-07,
      "un_cliffs_delta": 0.5742806811509102,
      "un_median_tng": 0.07873781380121124,
      "un_median_sparc": 0.03814007277649904,
      "un_median_diff": 0.0405977410247122,
      "un_median_ratio": 2.0644379538186803,
      "mm_n_tng": 16,
      "mm_n_sparc": 16,
      "mm_mw_p": 0.0018750851285173028,
      "mm_cliffs_delta": 0.6484375,
      "mm_median_tng": 0.09611185635811723,
      "mm_median_sparc": 0.03697317405592034,
      "mm_median_diff": 0.059138682302196884,
      "mm_median_ratio": 2.5995024450092425,
      "mm_score": 1.7682754521857378
    },
    {
      "dm_threshold": -10.6,
      "min_pts": 15,
      "rmin_kpc": 0.5,
      "tng_gal": 2953,
      "sparc_gal": 32,
      "massmatch_pairs": 16,
      "massmatch_mean_abs_dlogM": 0.008859081439800964,
      "un_n_tng": 2953,
      "un_n_sparc": 32,
      "un_mw_p": 0.0033479199837092885,
      "un_cliffs_delta": 0.3011132746359635,
      "un_median_tng": 0.07900172839225801,
      "un_median_sparc": 0.04844364112120464,
      "un_median_diff": 0.030558087271053372,
      "un_median_ratio": 1.6307966652340993,
      "mm_n_tng": 16,
      "mm_n_sparc": 16,
      "mm_mw_p": 0.0027330523288337976,
      "mm_cliffs_delta": 0.625,