{
  "tng_points": 313485,
  "tng_galaxies": 20899,
  "sparc_points": 2800,
  "sparc_galaxies": 135,
  "thresholds": [
    -10.4,
    -10.5,
    -10.6,
    -10.7,
    -10.8
  ],
  "min_pts": [
    10,
    15,
    20
  ],
  "rmins": [
    0.0,
    0.5,
    1.0,
    2.0
  ],
  "massmatch_caliper_dex": 0.3,
  "best_massmatched": [
    {
      "dm_threshold": -10.7,
      "min_pts": 15,
      "rmin_kpc": 2.0,
      "tng_gal": 985,
      "sparc_gal": 25,
      "massmatch_pairs": 17,
      "massmatch_mean_abs_dlogM": 0.06065621667242487,
      "un_n_tng": 985,
      "un_n_sparc": 25,
      "un_mw_p": 1.6982283257009404e-08,
      "un_cliffs_delta": 0.6598578680203047,
      "un_median_tng": 0.09111293243236306,
      "un_median_sparc": 0.037041079171840297,
      "un_median_diff": 0.05407185326052276,
      "un_median_ratio": 2.4597807210117613,
      "mm_n_tng": 17,
      "mm_n_sparc": 17,
      "mm_mw_p": 1.6665302916648478e-05,
      "mm_cliffs_delta": 0.8685121107266436,
      "mm_median_tng": 0.11801207281593912,
      "mm_median_sparc": 0.03152429681555839,
      "mm_median_diff": 0.08648777600038073,
      "mm_median_ratio": 3.7435275243854402,
      "mm_score": 4.149913092678189
    },
    {
      "dm_threshold": -10.7,
      "min_pts": 15,
      "rmin_kpc": 1.0,
      "tng_gal": 1898,
      "sparc_gal": 29,
      "massmatch_pairs": 18,
      "massmatch_mean_abs_dlogM": 0.061576006465067126,
      "un_n_tng": 1898,
      "un_n_sparc": 29,
      "un_mw_p": 4.781971797371829e-06,
      "un_cliffs_delta": 0.49427709748919013,
      "un_median_tng": 0.08603147721588496,
      "un_median_sparc": 0.041579014817487575,
      "un_median_diff": 0.04445246239839738,
      "un_median_ratio": 2.0691081208518987,
      "mm_n_tng": 18,
      "mm_n_sparc": 18,
      "mm_mw_p": 9.330734066373961e-05,
      "mm_cliffs_delta": 0.7654320987654322,
      "mm_median_tng": 0.12456380585510346,
      "mm_median_sparc": 0.0346771475635549,
      "mm_median_diff": 0.08988665829154856,
      "mm_median_ratio": 3.592100694753161,
      "mm_score": 3.0847557983346383
    },
    {
      "dm_threshold": -10.6,
      "min_pts": 15,
      "rmin_kpc": 2.0,
      "tng_gal": 1323,
      "sparc_gal": 25,
      "massmatch_pairs": 18,
      "massmatch_mean_abs_dlogM": 0.04265116797660499,
      "un_n_tng": 1323,
      "un_n_sparc": 25,
      "un_mw_p": 2.264835452843528e-07,
      "un_cliffs_delta": 0.6035676492819351,
      "un_median_tng": 0.08475885050972932,
      "un_median_sparc": 0.039461345843141794,
      "un_median_diff": 0.04529750466658753,
      "un_median_ratio": 2.1478955848754975,
      "mm_n_tng": 18,
      "mm_n_sparc": 18,
      "mm_mw_p": 9.330734066373961e-05,
      "mm_cliffs_delta": 0.7654320987654322,
      "mm_median_tng": 0.10591878685956513,
      "mm_median_sparc": 0.03222923260392001,
      "mm_median_diff": 0.07368955425564512,
      "mm_median_ratio": 3.2864197593920474,
      "mm_score": 3.0847557983346383
    },
    {
      "dm_threshold": -10.7,
      "min_pts": 15,
      "rmin_kpc": 0.5,
      "tng_gal": 1898,
      "sparc_gal": 31,
      "massmatch_pairs": 19,
      "massmatch_mean_abs_dlogM": 0.06817925627567689,
      "un_n_tng": 1898,
      "un_n_sparc": 31,
      "un_mw_p": 0.00012273711679815534,
      "un_cliffs_delta": 0.4016112036439037,
      "un_median_tng": 0.08603147721588496,
      "un_median_sparc": 0.046160395325761897,
      "un_median_diff": 0.03987108189012306,
      "un_median_ratio": 1.8637508758048094,
      "mm_n_tng": 19,
      "mm_n_sparc": 19,
      "mm_mw_p": 8.104427748479148e-05,
      "mm_cliffs_delta": 0.7506925207756232,
      "mm_median_tng": 0.11986518900896535,
      "mm_median_sparc": 0.037829998311551406,
      "mm_median_diff": 0.08203519069741394,
      "mm_median_ratio": 3.1685221876513925,
      "mm_score": 3.071291528632492
    },
    {
      "dm_threshold": -10.7,
      "min_pts": 15,
      "rmin_kpc": 0.0,
      "tng_gal": 1898,
      "sparc_gal": 33,
      "massmatch_pairs": 20,
      "massmatch_mean_abs_dlogM": 0.0647759283629897,
      "un_n_tng": 1898,
      "un_n_sparc": 33,
      "un_mw_p": 0.001309995596825185,
      "un_cliffs_delta": 0.3258932847973943,
      "un_median_tng": 0.08603147721588496,
      "un_median_sparc": 0.04752544796165174,
      "un_median_diff": 0.038506029254233215,
      "un_median_ratio": 1.8102191753206347,
      "mm_n_tng": 20,
      "mm_n_sparc": 20,
      "mm_mw_p": 0.00011590114146772007,
      "mm_cliffs_delta": 0.7150000000000001,
      "mm_median_tng": 0.11438201062768125,
      "mm_median_sparc": 0.041995196818656655,
      "mm_median_diff": 0.07238681380902459,
      "mm_median_ratio": 2.723692690895218,
      "mm_score": 2.8141772850682205
    },
    {
      "dm_threshold": -10.8,
      "min_pts": 15,
      "rmin_kpc": 2.0,
      "tng_gal": 661,
      "sparc_gal": 22,
      "massmatch_pairs": 12,
      "massmatch_mean_abs_dlogM": 0.06618750855653695,
      "un_n_tng": 661,
      "un_n_sparc": 22,
      "un_mw_p": 1.923600320662381e-08,
      "un_cliffs_delta": 0.7036171090634025,
      "un_median_tng": 0.09943530152990336,
      "un_median_sparc": 0.034477051928519825,
      "un_median_diff": 0.06495824960138354,
      "un_median_ratio": 2.884101045996027,
      "mm_n_tng": 12,
      "mm_n_sparc": 12,
      "mm_mw_p": 0.0007314819918142257,
      "mm_cliffs_delta": 0.8194444444444444,
      "mm_median_tng": 0.10140042612167266,
      "mm_median_sparc": 0.03201311368098949,
      "mm_median_diff": 0.06938731244068316,
      "mm_median_ratio": 3.1674652810135053,
      "mm_score": 2.569610907096368
    },
    {
      "dm_threshold": -10.5,
      "min_pts": 15,
      "rmin_kpc": 2.0,
      "tng_gal": 1703,
      "sparc_gal": 28,
      "massmatch_pairs": 21,
      "massmatch_mean_abs_dlogM": 0.058708627128126016,
      "un_n_tng": 1703,
      "un_n_sparc": 28,
      "un_mw_p": 1.7996094272132143e-07,
      "un_cliffs_delta": 0.5742806811509102,
      "un_median_tng": 0.07873781380121124,
      "un_median_sparc": 0.03814007277649904,
      "un_median_diff": 0.0405977410247122,
      "un_median_ratio": 2.0644379538186803,
      "mm_n_tng": 21,
      "mm_n_sparc": 21,
      "mm_mw_p": 0.000291852304926323,
      "mm_cliffs_delta": 0.655328798185941,
      "mm_median_tng": 0.09265366804454168,
      "mm_median_sparc": 0.034707281730682896,
      "mm_median_diff": 0.05794638631385879,
      "mm_median_ratio": 2.669574320556237,
      "mm_score": 2.3164803994163377
    },
    {
      "dm_threshold": -10.4,
      "min_pts": 15,
      "rmin_kpc": 2.0,
      "tng_gal": 2106,
      "sparc_gal": 29,
      "massmatch_pairs": 23,
      "massmatch_mean_abs_dlogM": 0.05620273651764322,
      "un_n_tng": 2106,
      "un_n_sparc": 29,
      "un_mw_p": 2.055456739802969e-06,
      "un_cliffs_delta": 0.5126567770245931,
      "un_median_tng": 0.07252639343791098,
      "un_median_sparc": 0.037041079171840297,
      "un_median_diff": 0.03548531426607068,
      "un_median_ratio": 1.9579989314417072,
      "mm_n_tng": 23,
      "mm_n_sparc": 23,
      "mm_mw_p": 0.0002890567409851973,
      "mm_cliffs_delta": 0.6257088846880907,
      "mm_median_tng": 0.08798310674894626,
      "mm_median_sparc": 0.032934168392281624,
      "mm_median_diff": 0.055048938356664634,
      "mm_median_ratio": 2.6714840861008584,
      "mm_score": 2.214394316233747
    },
    {
      "dm_threshold": -10.6,
      "min_pts": 15,
      "rmin_kpc": 1.0,
      "tng_gal": 2952,
      "sparc_gal": 30,
      "massmatch_pairs": 19,
      "massmatch_mean_abs_dlogM": 0.04446223991748086,
      "un_n_tng": 2952,
      "un_n_sparc": 30,
      "un_mw_p": 0.00021357546636160195,
      "un_cliffs_delta": 0.3923215898825656,
      "un_median_tng": 0.0789577008300205,
      "un_median_sparc": 0.04405241548143205,
      "un_median_diff": 0.03490528534858845,
      "un_median_ratio": 1.7923580345622798,
      "mm_n_tng": 19,
      "mm_n_sparc": 19,
      "mm_mw_p": 0.001461470004983856,
      "mm_cliffs_delta": 0.6066481994459834,