{
  "CamB": {
    "ra": 73.27958,
    "dec": 67.09917
  },
  "D512-2": {
    "ra": 218.33465,
    "dec": 26.99804
  },
  "D564-8": {
    "ra": 135.72232,
    "dec": 20.07561
  },
  "D631-7": {
    "ra": 119.25428,
    "dec": 14.39657
  },
  "DDO064": {
    "ra": 147.59487,
    "dec": 31.48828
  },
  "DDO154": {
    "ra": 193.52187,
    "dec": 27.14963
  },
  "DDO161": {
    "ra": 195.81973,
    "dec": -17.42303
  },
  "DDO168": {
    "ra": 198.61666,
    "dec": 45.91976
  },
  "DDO170": {
    "ra": 198.97408,
    "dec": 25.43615
  },
  "ESO079-G014": {
    "ra": 15.71436,
    "dec": -65.60999
  },
  "ESO116-G012": {
    "ra": 48.26977,
    "dec": -57.35725
  },
  "ESO444-G084": {
    "ra": 204.335,
    "dec": -28.04417
  },
  "ESO563-G021": {
    "ra": 131.82075,
    "dec": -20.03566
  },
  "F561-1": {
    "ra": 122.38583,
    "dec": 22.55944
  },
  "F563-1": {
    "ra": 133.75583,
    "dec": 19.75167
  },
  "F563-V1": {
    "ra": 131.6575,
    "dec": 18.89028
  },
  "F563-V2": {
    "ra": 133.25833,
    "dec": 18.43833
  },
  "F565-V2": {
    "ra": 144.4025,
    "dec": 21.77083
  },
  "F567-2": {
    "ra": 154.48458,
    "dec": 21.06139
  },
  "F568-1": {
    "ra": 156.42542,
    "dec": 22.42444
  },
  "F568-3": {
    "ra": 156.74583,
    "dec": 22.22667
  },
  "F568-V1": {
    "ra": 161.2586,
    "dec": 22.05432
  },
  "F571-8": {
    "ra": 173.47625,
    "dec": 19.355
  },
  "F571-V1": {
    "ra": 171.575,
    "dec": 18.83167
  },
  "F574-1": {
    "ra": 189.55542,
    "dec": 22.29972
  },
  "F574-2": {
    "ra": 191.69708,
    "dec": 21.80333
  },
  "F579-V1": {
    "ra": 218.20042,
    "dec": 22.76611
  },
  "F583-1": {
    "ra": 239.36451,
    "dec": 20.66642
  },
  "F583-4": {
    "ra": 238.05,
    "dec": 18.785
  },
  "IC2574": {
    "ra": 157.09784,
    "dec": 68.41214
  },
  "IC4202": {
    "ra": 197.13159,
    "dec": 24.70083
  },
  "KK98-251": {
    "ra": 307.63708,
    "dec": 60.35472
  },
  "NGC0024": {
    "ra": 2.48559,
    "dec": -24.96313
  },
  "NGC0055": {
    "ra": 3.72334,
    "dec": -39.19663
  },
  "NGC0100": {
    "ra": 6.01182,
    "dec": 16.48639
  },
  "NGC0247": {
    "ra": 11.78564,
    "dec": -20.7604
  },
  "NGC0289": {
    "ra": 13.17652,
    "dec": -31.20583
  },
  "NGC0300": {
    "ra": 13.72283,
    "dec": -37.68438
  },
  "NGC0801": {
    "ra": 30.93687,
    "dec": 38.25867
  },
  "NGC0891": {
    "ra": 35.63711,
    "dec": 42.34832
  },
  "NGC1003": {
    "ra": 39.82039,
    "dec": 40.87229
  },
  "NGC1090": {
    "ra": 41.64132,
    "dec": -0.24704
  },
  "NGC1705": {
    "ra": 73.55625,
    "dec": -53.36106
  },
  "NGC2366": {
    "ra": 112.21604,
    "dec": 69.20864
  },
  "NGC2403": {
    "ra": 114.21415,
    "dec": 65.60255
  },
  "NGC2683": {
    "ra": 133.17227,
    "dec": 33.4218
  },
  "NGC2841": {
    "ra": 140.51106,
    "dec": 50.97648
  },
  "NGC2903": {
    "ra": 143.04213,
    "dec": 21.50083
  },
  "NGC2915": {
    "ra": 141.54805,
    "dec": -76.62632
  },
  "NGC2955": {
    "ra": 145.31917,
    "dec": 35.88212
  },
  "NGC2976": {
    "ra": 146.81441,
    "dec": 67.91638
  },
  "NGC2998": {
    "ra": 147.18179,
    "dec": 44.08129
  },
  "NGC3109": {
    "ra": 150.77865,
    "dec": -26.15957
  },
  "NGC3198": {
    "ra": 154.97912,
    "dec": 45.54969
  },
  "NGC3521": {
    "ra": 166.45247,
    "dec": -0.0359
  },
  "NGC3726": {
    "ra": 173.33822,
    "dec": 47.02909
  },
  "NGC3741": {
    "ra": 174.02397,
    "dec": 45.28415
  },
  "NGC3769": {
    "ra": 174.43377,
    "dec": 47.89309
  },
  "NGC3877": {
    "ra": 176.53242,
    "dec": 47.4945
  },
  "NGC3893": {
    "ra": 177.1592,
    "dec": 48.71079
  },
  "NGC3917": {
    "ra": 177.68953,
    "dec": 51.82421
  },
  "NGC3949": {
    "ra": 178.42395,
    "dec": 47.85878
  },
  "NGC3953": {
    "ra": 178.45428,
    "dec": 52.32654
  },
  "NGC3972": {
    "ra": 178.93799,
    "dec": 55.32067
  },
  "NGC3992": {
    "ra": 179.39993,
    "dec": 53.37452
  },
  "NGC4010": {
    "ra": 179.6583,
    "dec": 47.26131
  },
  "NGC4013": {
    "ra": 179.6309,
    "dec": 43.94702
  },
  "NGC4051": {
    "ra": 180.79036,
    "dec": 44.53126
  },
  "NGC4068": {
    "ra": 181.0136,
    "dec": 52.59057
  },
  "NGC4085": {
    "ra": 181.3446,
    "dec": 50.35275
  },
  "NGC4088": {
    "ra": 181.39245,
    "dec": 50.53903
  },
  "NGC4100": {
    "ra": 181.53584,
    "dec": 49.58231
  },
  "NGC4138": {
    "ra": 182.37412,
    "dec": 43.68532
  },
  "NGC4157": {
    "ra": 182.76819,
    "dec": 50.48468
  },
  "NGC4183": {
    "ra": 183.32025,
    "dec": 43.69827
  },
  "NGC4214": {
    "ra": 183.91322,
    "dec": 36.32689
  },
  "NGC4217": {
    "ra": 183.96208,
    "dec": 47.09179
  },
  "NGC4389": {
    "ra": 186.39624,
    "dec": 45.68467
  },
  "NGC4559": {
    "ra": 188.99037,
    "dec": 27.95976
  },
  "NGC5005": {
    "ra": 197.73463,
    "dec": 37.05894
  },
  "NGC5033": {
    "ra": 198.36473,
    "dec": 36.59365
  },
  "NGC5055": {
    "ra": 198.95554,
    "dec": 42.02929
  },
  "NGC5371": {
    "ra": 208.91676,
    "dec": 40.46177
  },
  "NGC5585": {
    "ra": 214.95085,
    "dec": 56.72905
  },
  "NGC5907": {
    "ra": 228.9737,
    "dec": 56.32885
  },
  "NGC5985": {
    "ra": 234.90454,
    "dec": 59.33195
  },
  "NGC6015": {
    "ra": 237.85513,
    "dec": 62.31003
  },
  "NGC6195": {
    "ra": 249.13555,
    "dec": 39.028
  },
  "NGC6503": {
    "ra": 267.36047,
    "dec": 70.14434
  },
  "NGC6674": {
    "ra": 279.6412,
    "dec": 25.37511
  },
  "NGC6789": {
    "ra": 289.17154,
    "dec": 63.97331
  },
  "NGC6946": {
    "ra": 308.71805,
    "dec": 60.15368
  },
  "NGC7331": {
    "ra": 339.26709,
    "dec": 34.41592
  },
  "NGC7793": {
    "ra": 359.45761,
    "dec": -32.59103
  },
  "NGC7814": {
    "ra": 0.81228,
    "dec": 16.14523
  },
  "PGC51017": {
    "ra": 214.25733,
    "dec": 43.50372
  },
  "UGC00128": {
    "ra": 3.46221,
    "dec": 35.9935
  },
  "UGC00191": {
    "ra": 5.0215,
    "dec": 10.87931
  },
  "UGC00634": {
    "ra": 15.35488,
    "dec": 7.62599
  },
  "UGC00731": {
    "ra": 17.68333,
    "dec": 49.60219
  },
  "UGC00891": {
    "ra": 20.32954,
    "dec": 12.41172
  },
  "UGC01230": {
    "ra": 26.38438,
    "dec": 25.52147
  },
  "UGC01281": {
    "ra": 27.38212,
    "dec": 32.58783
  },
  "UGC02023": {
    "ra": 38.3255,
    "dec": 33.49042
  },
  "UGC02259": {
    "ra": 41.98082,
    "dec": 37.53844
  },
  "UGC02455": {
    "ra": 44.92849,
    "dec": 25.24119
  },
  "UGC02487": {
    "ra": 45.42649,
    "dec": 35.20565
  },
  "UGC02885": {
    "ra": 58.26017,
    "dec": 35.58947
  },
  "UGC02916": {
    "ra": 60.64098,
    "dec": 71.70592
  },
  "UGC02953": {
    "ra": 61.94545,
    "dec": 69.81243
  },
  "UGC03205": {
    "ra": 74.06173,
    "dec": 30.05219
  },
  "UGC03546": {
    "ra": 102.5361,
    "dec": 60.84569
  },
  "UGC03580": {
    "ra": 103.87864,
    "dec": 69.563
  },
  "UGC04278": {
    "ra": 123.49545,
    "dec": 45.74215
  },
  "UGC04305": {
    "ra": 124.77074,
    "dec": 70.72003
  },
  "UGC04325": {
    "ra": 124.83554,
    "dec": 50.00961
  },
  "UGC04483": {
    "ra": 129.26371,
    "dec": 69.77478
  },
  "UGC04499": {
    "ra": 129.42287,
    "dec": 51.65238
  },
  "UGC05005": {
    "ra": 141.12245,
    "dec": 22.27482
  },
  "UGC05253": {
    "ra": 147.59264,
    "dec": 72.27865
  },
  "UGC05414": {
    "ra": 150.98827,
    "dec": 40.76151
  },
  "UGC05716": {
    "ra": 157.93028,
    "dec": 25.30761
  },
  "UGC05721": {
    "ra": 158.072,
    "dec": 27.66877
  },
  "UGC05750": {
    "ra": 158.93796,
    "dec": 20.99019
  },
  "UGC05764": {
    "ra": 159.17976,
    "dec": 31.54726
  },
  "UGC05829": {
    "ra": 160.67828,
    "dec": 34.44928
  },
  "UGC05918": {
    "ra": 162.40172,
    "dec": 65.53363
  },
  "UGC05986": {
    "ra": 163.12972,
    "dec": 36.61878
  },
  "UGC05999": {
    "ra": 163.24438,
    "dec": 7.6198
  },
  "UGC06399": {
    "ra": 170.84677,
    "dec": 50.89268
  },
  "UGC06446": {
    "ra": 171.66854,
    "dec": 53.74667
  },
  "UGC06614": {
    "ra": 174.81185,