{
  "artifacts": {
    "figure": "/Users/russelllicht/bec-dark-matter/outputs/mbh_xi_bridge_censored/20260302_164643_mdyn/fig_mbh_censored_fit.png"
  },
  "counts": {
    "n_detections": 6,
    "n_total": 10,
    "n_upper_limits": 4
  },
  "in_dir": "/Users/russelllicht/bec-dark-matter/outputs/mbh_xi_bridge_direct/20260302_134505",
  "input_csv": "/Users/russelllicht/bec-dark-matter/outputs/mbh_xi_bridge_direct/20260302_134505/direct_plus_upper_matches.csv",
  "method": "tobit",
  "models": {
    "ols_detection_only": {
      "intercept": -13.007372240906792,
      "mad": 0.8791518175950522,
      "rms": 0.6537894515119895,
      "sigma": 0.8007252777092291,
      "slope": 1.8170451669823515
    },
    "tobit_censored": {
      "aic": 28.388181118879373,
      "bic": 29.29593639786151,
      "intercept": -12.192115554610746,
      "loglik": -11.194090559439687,
      "message": "CONVERGENCE: RELATIVE REDUCTION OF F <= FACTR*EPSMCH",
      "n_iter": 28,
      "se_intercept": 28.97009918592686,
      "se_log_sigma": 1.6613501258554708,
      "se_slope": 2.592764910840258,
      "sigma": 0.9394433393985364,
      "slope": 1.69485074844081,
      "success": true
    }
  },
  "n_detections": 6,
  "n_total": 10,
  "n_upper_limits": 4,
  "ols": {
    "intercept": -13.007372240906792,
    "n": 6,
    "r2": null,
    "rms": 0.6537894515119895,
    "sigma": 0.8007252777092291,
    "slope": 1.8170451669823515
  },
  "out_dir": "/Users/russelllicht/bec-dark-matter/outputs/mbh_xi_bridge_censored/20260302_164643_mdyn",
  "test": "mbh_xi_bridge_censored",
  "timestamp": "20260302_164645",
  "tobit": {
    "converged": true,
    "intercept": -12.192115554610746,
    "n": 10,
    "nll": 11.194090559439687,
    "rms": null,
    "sigma": 0.9394433393985364,
    "slope": 1.69485074844081
  },
  "x_choice": "mdyn",
  "y_choice": "mbh"
}
