{
  "tng_points": 313485,
  "tng_galaxies": 20899,
  "sparc_points": 2800,
  "sparc_galaxies": 135,
  "thresholds": [
    -10.4,
    -10.5,
    -10.6,
    -10.7,
    -10.8
  ],
  "min_pts": [
    10,
    15,
    20
  ],
  "rmins": [
    0.0,
    0.5,
    1.0,
    2.0
  ],
  "massmatch_caliper_dex": 0.2,
  "best_massmatched": [
    {
      "dm_threshold": -10.7,
      "min_pts": 15,
      "rmin_kpc": 2.0,
      "tng_gal": 985,
      "sparc_gal": 25,
      "massmatch_pairs": 14,
      "massmatch_mean_abs_dlogM": 0.01212763811202855,
      "un_n_tng": 985,
      "un_n_sparc": 25,
      "un_mw_p": 1.6982283257009404e-08,
      "un_cliffs_delta": 0.6598578680203047,
      "un_median_tng": 0.09111293243236306,
      "un_median_sparc": 0.037041079171840297,
      "un_median_diff": 0.05407185326052276,
      "un_median_ratio": 2.4597807210117613,
      "mm_n_tng": 14,
      "mm_n_sparc": 14,
      "mm_mw_p": 0.00010335443679223986,
      "mm_cliffs_delta": 0.8673469387755102,
      "mm_median_tng": 0.12548856949958137,
      "mm_median_sparc": 0.030396506372647337,
      "mm_median_diff": 0.09509206312693404,
      "mm_median_ratio": 4.128387912780127,
      "mm_score": 3.4569594326343207
    },
    {
      "dm_threshold": -10.6,
      "min_pts": 15,
      "rmin_kpc": 2.0,
      "tng_gal": 1323,
      "sparc_gal": 25,
      "massmatch_pairs": 16,
      "massmatch_mean_abs_dlogM": 0.011129993371874924,
      "un_n_tng": 1323,
      "un_n_sparc": 25,
      "un_mw_p": 2.264835452843528e-07,
      "un_cliffs_delta": 0.6035676492819351,
      "un_median_tng": 0.08475885050972932,
      "un_median_sparc": 0.039461345843141794,
      "un_median_diff": 0.04529750466658753,
      "un_median_ratio": 2.1478955848754975,
      "mm_n_tng": 16,
      "mm_n_sparc": 16,
      "mm_mw_p": 0.00023815748524988163,
      "mm_cliffs_delta": 0.765625,
      "mm_median_tng": 0.10591878685956513,
      "mm_median_sparc": 0.03205811396328827,
      "mm_median_diff": 0.07386067289627686,
      "mm_median_ratio": 3.3039618918586195,
      "mm_score": 2.773963319415888
    },
    {
      "dm_threshold": -10.7,
      "min_pts": 15,
      "rmin_kpc": 0.5,
      "tng_gal": 1898,
      "sparc_gal": 31,
      "massmatch_pairs": 16,
      "massmatch_mean_abs_dlogM": 0.02721780365219917,
      "un_n_tng": 1898,
      "un_n_sparc": 31,
      "un_mw_p": 0.00012273711679815534,
      "un_cliffs_delta": 0.4016112036439037,
      "un_median_tng": 0.08603147721588496,
      "un_median_sparc": 0.046160395325761897,
      "un_median_diff": 0.03987108189012306,
      "un_median_ratio": 1.8637508758048094,
      "mm_n_tng": 16,
      "mm_n_sparc": 16,
      "mm_mw_p": 0.0004898889212725093,
      "mm_cliffs_delta": 0.7265625,
      "mm_median_tng": 0.12965046262095076,
      "mm_median_sparc": 0.04134837188354623,
      "mm_median_diff": 0.08830209073740453,
      "mm_median_ratio": 3.13556391013651,
      "mm_score": 2.404850949352413
    },
    {
      "dm_threshold": -10.7,
      "min_pts": 15,
      "rmin_kpc": 1.0,
      "tng_gal": 1898,
      "sparc_gal": 29,
      "massmatch_pairs": 15,
      "massmatch_mean_abs_dlogM": 0.016578158448806352,
      "un_n_tng": 1898,
      "un_n_sparc": 29,
      "un_mw_p": 4.781971797371829e-06,
      "un_cliffs_delta": 0.49427709748919013,
      "un_median_tng": 0.08603147721588496,
      "un_median_sparc": 0.041579014817487575,
      "un_median_diff": 0.04445246239839738,
      "un_median_ratio": 2.0691081208518987,
      "mm_n_tng": 15,
      "mm_n_sparc": 15,
      "mm_mw_p": 0.0006709034051003713,
      "mm_cliffs_delta": 0.7333333333333334,
      "mm_median_tng": 0.13003850254065996,
      "mm_median_sparc": 0.037829998311551406,
      "mm_median_diff": 0.09220850422910856,
      "mm_median_ratio": 3.4374440482317614,
      "mm_score": 2.327116002861553
    },
    {
      "dm_threshold": -10.8,
      "min_pts": 15,
      "rmin_kpc": 2.0,
      "tng_gal": 661,
      "sparc_gal": 22,
      "massmatch_pairs": 10,
      "massmatch_mean_abs_dlogM": 0.02046089730495524,
      "un_n_tng": 661,
      "un_n_sparc": 22,
      "un_mw_p": 1.923600320662381e-08,
      "un_cliffs_delta": 0.7036171090634025,
      "un_median_tng": 0.09943530152990336,
      "un_median_sparc": 0.034477051928519825,
      "un_median_diff": 0.06495824960138354,
      "un_median_ratio": 2.884101045996027,
      "mm_n_tng": 10,
      "mm_n_sparc": 10,
      "mm_mw_p": 0.0017062493689195964,
      "mm_cliffs_delta": 0.8400000000000001,
      "mm_median_tng": 0.10140042612167266,
      "mm_median_sparc": 0.03201311368098949,
      "mm_median_diff": 0.06938731244068316,
      "mm_median_ratio": 3.1674652810135053,
      "mm_score": 2.3250842968458683
    },
    {
      "dm_threshold": -10.7,
      "min_pts": 15,
      "rmin_kpc": 0.0,
      "tng_gal": 1898,
      "sparc_gal": 33,
      "massmatch_pairs": 17,
      "massmatch_mean_abs_dlogM": 0.025623385673948233,
      "un_n_tng": 1898,
      "un_n_sparc": 33,
      "un_mw_p": 0.001309995596825185,
      "un_cliffs_delta": 0.3258932847973943,
      "un_median_tng": 0.08603147721588496,
      "un_median_sparc": 0.04752544796165174,
      "un_median_diff": 0.038506029254233215,
      "un_median_ratio": 1.8102191753206347,
      "mm_n_tng": 17,
      "mm_n_sparc": 17,
      "mm_mw_p": 0.0005724273914139215,
      "mm_cliffs_delta": 0.6955017301038062,
      "mm_median_tng": 0.12926242270124155,
      "mm_median_sparc": 0.046160395325761897,
      "mm_median_diff": 0.08310202737547966,
      "mm_median_ratio": 2.8002884678307947,
      "mm_score": 2.2550110663039686
    },
    {
      "dm_threshold": -10.4,
      "min_pts": 15,
      "rmin_kpc": 2.0,
      "tng_gal": 2106,
      "sparc_gal": 29,
      "massmatch_pairs": 21,
      "massmatch_mean_abs_dlogM": 0.031691258872198445,
      "un_n_tng": 2106,
      "un_n_sparc": 29,
      "un_mw_p": 2.055456739802969e-06,
      "un_cliffs_delta": 0.5126567770245931,
      "un_median_tng": 0.07252639343791098,
      "un_median_sparc": 0.037041079171840297,
      "un_median_diff": 0.03548531426607068,
      "un_median_ratio": 1.9579989314417072,
      "mm_n_tng": 21,
      "mm_n_sparc": 21,
      "mm_mw_p": 0.0007493143016450057,
      "mm_cliffs_delta": 0.6099773242630386,
      "mm_median_tng": 0.08798310674894626,
      "mm_median_sparc": 0.034707281730682896,
      "mm_median_diff": 0.05327582501826336,
      "mm_median_ratio": 2.535004251605362,
      "mm_score": 1.906384077432102
    },
    {
      "dm_threshold": -10.5,
      "min_pts": 15,
      "rmin_kpc": 2.0,
      "tng_gal": 1703,
      "sparc_gal": 28,
      "massmatch_pairs": 18,
      "massmatch_mean_abs_dlogM": 0.021700116185867695,
      "un_n_tng": 1703,
      "un_n_sparc": 28,
      "un_mw_p": 1.7996094272132143e-07,
      "un_cliffs_delta": 0.5742806811509102,
      "un_median_tng": 0.07873781380121124,
      "un_median_sparc": 0.03814007277649904,
      "un_median_diff": 0.0405977410247122,
      "un_median_ratio": 2.0644379538186803,
      "mm_n_tng": 18,
      "mm_n_sparc": 18,
      "mm_mw_p": 0.0011829627696506929,
      "mm_cliffs_delta": 0.6358024691358024,
      "mm_median_tng": 0.0932395844738664,
      "mm_median_sparc": 0.034385349470166325,
      "mm_median_diff": 0.05885423500370008,
      "mm_median_ratio": 2.71160787691757,
      "mm_score": 1.8610122166826857
    },
    {
      "dm_threshold": -10.6,
      "min_pts": 15,
      "rmin_kpc": 1.0,
      "tng_gal": 2952,
      "sparc_gal": 30,
      "massmatch_pairs": 17,
      "massmatch_mean_abs_dlogM": 0.015106731707467973,
      "un_n_tng": 2952,
      "un_n_sparc": 30,
      "un_mw_p": 0.00021357546636160195,
      "un_cliffs_delta": 0.3923215898825656,
      "un_median_tng": 0.0789577008300205,
      "un_median_sparc": 0.04405241548143205,
      "un_median_diff": 0.03490528534858845,
      "un_median_ratio": 1.7923580345622798,
      "mm_n_tng": 17,
      "mm_n_sparc": 17,
      "mm_mw_p": 0.004252291661538166,
      "mm_cliffs_delta": 0.5778546712802768,