caliper,dm_threshold,min_pts,rmin_kpc,tng_gal,sparc_gal,massmatch_pairs,massmatch_mean_abs_dlogM,un_n_tng,un_n_sparc,un_mw_p,un_cliffs_delta,un_median_tng,un_median_sparc,un_median_diff,un_median_ratio,mm_n_tng,mm_n_sparc,mm_mw_p,mm_cliffs_delta,mm_median_tng,mm_median_sparc,mm_median_diff,mm_median_ratio,mm_score
0.05,-10.6,10,2.0,8310,50,34,0.0040512786079035,8310,50,0.0177946231086265,0.1940938628158843,0.0555908821286975,0.038969606865643,0.0166212752630545,1.4265189361637742,34,34,0.0026022300878557,0.42560553633218,0.0594823752836717,0.0322239207860857,0.027258454497586,1.845907444923841,1.1000431821300325
0.1,-10.6,10,2.0,8310,50,35,0.0061957980871545,8310,50,0.0177946231086265,0.1940938628158843,0.0555908821286975,0.038969606865643,0.0166212752630545,1.4265189361637742,35,35,0.0115563437997429,0.3518367346938775,0.0590725109525065,0.0329341683922816,0.0261383425602248,1.793654245308062,0.6815709261319169
0.2,-10.6,10,1.0,8313,58,41,0.0212297590229702,8313,58,0.0139502068863301,0.187043973502242,0.0553699664844006,0.041800064708422,0.0135699017759786,1.3246382959126013,41,41,0.0180362341493178,0.303985722784057,0.0564563366490495,0.0351448661684553,0.0213114704805942,1.606389291068708,0.530106759733162
0.3,-10.8,10,1.0,4806,45,30,0.0422192619034781,4806,45,0.012227700133237,0.2166736024413926,0.0679388070958839,0.0462338458166073,0.0217049612792766,1.4694604330639556,30,30,0.0060971423451739,0.4133333333333333,0.073312809255185,0.0411539170711783,0.0321588921840067,1.7814296784528658,0.9154811151679666
