{
  "test": "baryon_wiggle_vs_coherence",
  "description": "Test whether RAR residual autocorrelation is driven by baryonic structure.",
  "sample": {
    "n_galaxies": 67,
    "n_ls_significant": 25
  },
  "wiggle_stats": {
    "W1_median": 0.008099,
    "W2_median": 0.101793,
    "W3_median": 0.145951
  },
  "bivariate_correlations": {
    "W1_vs_r1_raw": {
      "rho": -0.0174,
      "p": 0.8891089031484495,
      "n": 67
    },
    "W1_vs_r1_det": {
      "rho": -0.1257,
      "p": 0.31060401637122215,
      "n": 67
    },
    "W1_vs_ls_power": {
      "rho": -0.1297,
      "p": 0.29537408270355925,
      "n": 67
    },
    "W2_vs_r1_raw": {
      "rho": -0.075,
      "p": 0.5462371717246977,
      "n": 67
    },
    "W2_vs_r1_det": {
      "rho": 0.1532,
      "p": 0.2159275275537856,
      "n": 67
    },
    "W2_vs_ls_power": {
      "rho": -0.4331,
      "p": 0.000251358192657371,
      "n": 67
    },
    "W3_vs_r1_raw": {
      "rho": -0.0046,
      "p": 0.9705976637292187,
      "n": 67
    },
    "W3_vs_r1_det": {
      "rho": 0.1877,
      "p": 0.12828384877139176,
      "n": 67
    },
    "W3_vs_ls_power": {
      "rho": -0.4949,
      "p": 2.073716487783025e-05,
      "n": 67
    },
    "logW1_vs_r1_raw": {
      "rho": -0.0174,
      "p": 0.8891089031484495,
      "n": 67
    },
    "logW1_vs_r1_det": {
      "rho": -0.1257,
      "p": 0.31060401637122215,
      "n": 67
    },
    "logW1_vs_ls_power": {
      "rho": -0.1297,
      "p": 0.29537408270355925,
      "n": 67
    },
    "logW2_vs_r1_raw": {
      "rho": -0.075,
      "p": 0.5462371717246977,
      "n": 67
    },
    "logW2_vs_r1_det": {
      "rho": 0.1532,
      "p": 0.2159275275537856,
      "n": 67
    },
    "logW2_vs_ls_power": {
      "rho": -0.4331,
      "p": 0.000251358192657371,
      "n": 67
    },
    "logW3_vs_r1_raw": {
      "rho": -0.0046,
      "p": 0.9705976637292187,
      "n": 67
    },
    "logW3_vs_r1_det": {
      "rho": 0.1877,
      "p": 0.12828384877139176,
      "n": 67
    },
    "logW3_vs_ls_power": {
      "rho": -0.4949,
      "p": 2.073716487783025e-05,
      "n": 67
    }
  },
  "partial_correlations_NdRR": {
    "logW1_vs_r1_raw": {
      "rho": 0.0526,
      "p": 0.672262591313511,
      "n": 67
    },
    "logW1_vs_r1_det": {
      "rho": -0.128,
      "p": 0.30201399509217,
      "n": 67
    },
    "logW1_vs_ls_power": {
      "rho": -0.0957,
      "p": 0.4409004104936565,
      "n": 67
    },
    "logW2_vs_r1_raw": {
      "rho": -0.0259,
      "p": 0.8354440937595133,
      "n": 67
    },
    "logW2_vs_r1_det": {
      "rho": -0.0939,
      "p": 0.44955776651334856,
      "n": 67
    },
    "logW2_vs_ls_power": {
      "rho": -0.1983,
      "p": 0.10776995739842576,
      "n": 67
    },
    "logW3_vs_r1_raw": {
      "rho": 0.1227,
      "p": 0.3225112778783749,
      "n": 67
    },
    "logW3_vs_r1_det": {
      "rho": -0.0625,
      "p": 0.6153801655250519,
      "n": 67
    },
    "logW3_vs_ls_power": {
      "rho": -0.2567,
      "p": 0.03598283899188122,
      "n": 67
    }
  },
  "wiggle_vs_xiRe": {
    "logW1_vs_xiRe": {
      "rho": -0.1198,
      "p": 0.3342186198502477
    },
    "logW2_vs_xiRe": {
      "rho": -0.1588,
      "p": 0.19944329091887897
    },
    "logW3_vs_xiRe": {
      "rho": -0.207,
      "p": 0.09281391501922161
    }
  },
  "xiRe_signal_with_wiggle_control": {
    "r1_raw_vs_xiRe_ctrl_logW1": {
      "rho": -0.1343,
      "p": 0.2786180892474197,
      "n": 67
    },
    "r1_raw_vs_xiRe_ctrl_logW2": {
      "rho": -0.1299,
      "p": 0.29462563680114584,
      "n": 67
    },
    "r1_raw_vs_xiRe_ctrl_logW3": {
      "rho": -0.1402,
      "p": 0.2579618394467493,
      "n": 67
    },
    "r1_raw_vs_xiRe_baseline": {
      "rho": -0.1437,
      "p": 0.24597291437374355,
      "n": 67
    },
    "r1_det_vs_xiRe_ctrl_logW1": {
      "rho": 0.2412,
      "p": 0.04930357369812249,
      "n": 67
    },
    "r1_det_vs_xiRe_ctrl_logW2": {
      "rho": 0.246,
      "p": 0.044760252404032745,
      "n": 67
    },
    "r1_det_vs_xiRe_ctrl_logW3": {
      "rho": 0.2578,
      "p": 0.03521347007365719,
      "n": 67
    },
    "r1_det_vs_xiRe_baseline": {
      "rho": 0.2623,
      "p": 0.032000085307697455,
      "n": 67
    }
  },
  "primary_diagnostic": {
    "metric": "logW2_vs_r1_det",
    "rho": 0.1532,
    "p": 0.2159275275537856
  },
  "verdict": "INTERFACE_PHYSICS"
}