{
  "test": "eagle_rar_inversion_v2",
  "description": "EAGLE aperture masses with corrected units, SPARC-range restriction, galaxy-level stats, mock RCs",
  "unit_fix": "v1 incorrectly multiplied masses by 1e10; cached masses are already in M_sun",
  "n_eagle_galaxies_total": 29716,
  "n_eagle_in_sparc_range": 12294,
  "n_eagle_rar_points_sparc_range": 56105,
  "n_sparc_galaxies": 131,
  "n_sparc_rar_points": 2777,
  "sparc_gbar_range": [
    -11.823524841070972,
    -8.585127254441101
  ],
  "part_a_pooled": {
    "sparc_inversion": -9.8598685760116,
    "eagle_inversion": null,
    "eagle_robustness_offsets": {
      "n_found": 0,
      "values": []
    },
    "sparc_scatter": {
      "centers": [
        -11.930577496635003,
        -11.630577496635002,
        -11.330577496635001,
        -11.030577496635,
        -10.730577496635,
        -10.430577496635,
        -10.130577496634999,
        -9.830577496634998,
        -9.530577496634997,
        -9.230577496634996,
        -8.930577496634996,
        -8.630577496634995,
        -8.330577496634994
      ],
      "sigmas": [
        0.21608264937971264,
        0.19976594195383587,
        0.1889191612531768,
        0.16707751967000933,
        0.1382790786462624,
        0.1562445711095515,
        0.14677906982605718,
        0.20377630610074915,
        0.11911731022541089,
        0.08534204755696688,
        0.13689044808243356,
        0.26061796628161177,
        0.197664411723312
      ]
    },
    "eagle_scatter": {
      "centers": [
        -11.673418692359368,
        -11.373418692359367,
        -11.073418692359366,
        -10.773418692359366,
        -10.473418692359365,
        -10.173418692359364,
        -9.873418692359364,
        -9.573418692359363,
        -9.273418692359362,
        -8.973418692359362,
        -8.67341869235936
      ],
      "sigmas": [
        0.11067972805748494,
        0.09847136146998502,
        0.09076534806324374,
        0.08522546581431005,
        0.07976431518080047,
        0.07460418386036553,
        0.06126003849090329,
        0.05333948133824838,
        0.04132934106023768,
        0.021827688881226884,
        0.014749960222675622
      ]
    }
  },
  "part_b_galaxy_level": {
    "n_sparc_galaxies": 74,
    "n_eagle_galaxies": 10126,
    "sparc_inversion": -9.890356689290156,
    "eagle_inversion": -11.37552047757293,
    "sparc_bootstrap": {
      "n_found": 1999,
      "mean": -9.890164466507553,
      "std": 0.03807385340495406
    },
    "eagle_bootstrap": {
      "n_found": 2000,
      "mean": -10.460738880674235,
      "std": 0.9938934076146575
    },
    "common_bins": [
      -11.673524841070972,
      -11.37352484107097,
      -11.07352484107097,
      -10.77352484107097,
      -10.473524841070969,
      -10.173524841070968,
      -9.873524841070967,
      -9.573524841070967,
      -9.273524841070966,
      -8.973524841070965,
      -8.673524841070964
    ],
    "sparc_median_scatter": [
      0.023556255268815527,
      0.016647617691699743,
      0.016348653006975824,
      0.014101494995328846,
      0.012323722415529516,
      0.013144372734053,
      0.024131354428255182,
      0.010366963784678988,
      0.02034745135365813,
      0.017542797258024607,
      0.04246026448893403
    ],
    "eagle_median_scatter": [
      0.13486018013202372,
      0.15123146409238153,
      0.1344186913666512,
      0.11502238692007616,
      0.10318452832529612,
      0.09466633615693709,
      0.06996000975821026,
      0.04837461083282868,
      0.04764971826400277,
      0.035702707401156,
      0.02128027856751924
    ]
  },
  "part_c_mock_rc": {
    "n_galaxies": 12204,
    "n_rar_points": 55701,
    "pooled_inversion": null,
    "galaxy_level_inversion": -11.4188235021325,
    "no_noise_inversion": null,
    "mock_bootstrap": {
      "n_found": 2000,
      "mean": -10.324432939323884,
      "std": 1.079536679209171
    },
    "mock_scatter": {
      "centers": [
        -11.673504521779801,
        -11.3735045217798,
        -11.0735045217798,
        -10.773504521779799,
        -10.473504521779798,
        -10.173504521779797,
        -9.873504521779797,
        -9.573504521779796,
        -9.273504521779795,
        -8.973504521779795,
        -8.673504521779794
      ],
      "sigmas": [
        0.1389968221721241,
        0.1291659483165569,
        0.12256776929037105,
        0.11726117021883237,
        0.11698283461945029,
        0.10958531498704932,
        0.10310253890948157,
        0.09724446111960171,
        0.08745719320557377,
        0.08954015885713519,
        0.09287126728472309
      ]
    }
  },
  "verdict": "DISCRIMINATING",
  "eagle_inversions_summary": {
    "Pooled (SPARC range)": null,
    "Galaxy-level median": {
      "log_g": -11.37552047757293,
      "delta": 1.4547017236205555
    },
    "Mock rotation curves": null,
    "Mock RC galaxy-level": {
      "log_g": -11.4188235021325,
      "delta": 1.4980047481801257
    },
    "Clean (no noise)": null
  }
}