{
  "test": "healing_length_kstar",
  "description": "k* (lag-index coherence) vs \u03be = sqrt(G*Mb/g\u2020). No dR conversion.",
  "parameters": {
    "min_pts": 15,
    "ML": 0.5,
    "helium": 1.33,
    "g_dag_SI": 1.2e-10,
    "n_perm": 5000,
    "n_boot": 2000
  },
  "sample": {
    "n_galaxies": 67,
    "n_total": 67
  },
  "correlations": {
    "kstar_vs_xi": {
      "spearman_rho": 0.2775,
      "spearman_p": 0.022999324290335806,
      "pearson_r": 0.2158,
      "pearson_p": 0.07949179033904323,
      "n": 67
    },
    "kstar_vs_xi_Re": {
      "spearman_rho": 0.2791,
      "spearman_p": 0.02218202062834691,
      "pearson_r": 0.2105,
      "pearson_p": 0.08723694865107993,
      "n": 67
    },
    "kstar_vs_Rext": {
      "spearman_rho": 0.2114,
      "spearman_p": 0.08592403492933938,
      "pearson_r": 0.1244,
      "pearson_p": 0.31605130057043945,
      "n": 67
    },
    "kstar_vs_Npts": {
      "spearman_rho": 0.4872,
      "spearman_p": 2.898982026578312e-05,
      "pearson_r": 0.5132,
      "pearson_p": 8.975290020870348e-06,
      "n": 67
    }
  },
  "regression_kstar_xi": {
    "slope": 0.0865,
    "intercept": 0.0582,
    "slope_se": 0.0486,
    "r_sq": 0.0466,
    "p": 0.07949179033904334
  },
  "regression_kstar_xiRe": {
    "slope": 0.1614,
    "intercept": 0.2215,
    "slope_se": 0.0929,
    "r_sq": 0.0443,
    "p": 0.08723694865107996
  },
  "regression_multiple": {
    "r_sq": 0.2994,
    "coefficients": {
      "intercept": {
        "beta": -0.3864,
        "se": 0.1435,
        "t": -2.69,
        "p": 0.0091
      },
      "log_xi": {
        "beta": 0.1457,
        "se": 0.0809,
        "t": 1.8,
        "p": 0.0765
      },
      "log_Rext": {
        "beta": -0.1475,
        "se": 0.0956,
        "t": -1.54,
        "p": 0.128
      },
      "log_N": {
        "beta": 0.4106,
        "se": 0.0884,
        "t": 4.64,
        "p": 0.0
      }
    }
  },
  "bootstrap": {
    "rho_xi_ci95": [
      0.0545,
      0.4838
    ],
    "rho_xiRe_ci95": [
      0.0303,
      0.5019
    ],
    "slope_xi_ci95": [
      0.0081,
      0.1624
    ],
    "slope_xiRe_ci95": [
      -0.0413,
      0.3497
    ]
  },
  "permutation": {
    "kstar_xi_p": 0.0248,
    "kstar_xiRe_p": 0.0222
  },
  "verdict": "XI_RE_SCALING_ONLY",
  "per_galaxy": [
    {
      "name": "D631-7",
      "n": 16,
      "kstar": 1.0,
      "xi_kpc": 0.75,
      "R_ext": 6.74,
      "Vflat": 57.7,
      "Mb": 483700000.0,
      "xi_Re": 0.1112,
      "acf1": 0.2243,
      "acf2": -0.2216,
      "env": "field"
    },
    {
      "name": "DDO161",
      "n": 31,
      "kstar": 1.185,
      "xi_kpc": 1.564,
      "R_ext": 12.77,
      "Vflat": 66.3,
      "Mb": 2106740000.0,
      "xi_Re": 0.1225,
      "acf1": 0.4127,
      "acf2": 0.1701,
      "env": "field"
    },
    {
      "name": "ESO079-G014",
      "n": 15,
      "kstar": 1.194,
      "xi_kpc": 5.907,
      "R_ext": 16.26,
      "Vflat": 175.0,
      "Mb": 30042700000.0,
      "xi_Re": 0.3633,
      "acf1": 0.5134,
      "acf2": -0.2359,
      "env": "field"
    },
    {
      "name": "ESO116-G012",
      "n": 15,
      "kstar": 1.0,
      "xi_kpc": 2.041,
      "R_ext": 9.61,
      "Vflat": 109.1,
      "Mb": 3586390000.0,
      "xi_Re": 0.2124,
      "acf1": -0.0008,
      "acf2": -0.549,
      "env": "field"
    },
    {
      "name": "ESO563-G021",
      "n": 30,
      "kstar": 2.306,
      "xi_kpc": 14.773,
      "R_ext": 41.96,
      "Vflat": 314.6,
      "Mb": 187904840000.0,
      "xi_Re": 0.3521,
      "acf1": 0.6038,
      "acf2": 0.489,
      "env": "field"
    },
    {
      "name": "F568-3",
      "n": 18,
      "kstar": 1.23,
      "xi_kpc": 3.128,
      "R_ext": 17.34,
      "Vflat": 0.0,
      "Mb": 8422350000.0,
      "xi_Re": 0.1804,
      "acf1": 0.4573,
      "acf2": 0.0693,
      "env": "field"
    },
    {
      "name": "F568-V1",
      "n": 15,
      "kstar": 1.0,
      "xi_kpc": 2.464,
      "R_ext": 17.24,
      "Vflat": 112.3,
      "Mb": 5225530000.0,
      "xi_Re": 0.1429,
      "acf1": 0.3493,
      "acf2": -0.2737,
      "env": "field"
    },
    {
      "name": "F583-1",
      "n": 25,
      "kstar": 1.0,
      "xi_kpc": 1.964,
      "R_ext": 16.0,
      "Vflat": 85.8,
      "Mb": 3320580000.0,
      "xi_Re": 0.1227,
      "acf1": 0.1997,
      "acf2": -0.2865,
      "env": "field"
    },
    {
      "name": "IC2574",
      "n": 34,
      "kstar": 1.0,
      "xi_kpc": 1.48,
      "R_ext": 9.38,
      "Vflat": 66.4,
      "Mb": 1885880000.0,
      "xi_Re": 0.1578,
      "acf1": 0.2104,
      "acf2": 0.2255,
      "env": "dense"
    },
    {
      "name": "NGC0024",
      "n": 29,
      "kstar": 2.161,
      "xi_kpc": 1.817,
      "R_ext": 11.06,
      "Vflat": 106.3,
      "Mb": 2843580000.0,
      "xi_Re": 0.1643,
      "acf1": 0.513,
      "acf2": 0.4125,
      "env": "field"
    },
    {
      "name": "NGC0055",
      "n": 21,
      "kstar": 1.0,
      "xi_kpc": 2.259,
      "R_ext": 12.27,
      "Vflat": 85.6,
      "Mb": 4395450000.0,
      "xi_Re": 0.1841,
      "acf1": 0.1918,
      "acf2": -0.4684,
      "env": "dense"
    },
    {
      "name": "NGC0247",
      "n": 26,
      "kstar": 1.283,
      "xi_kpc": 2.637,
      "R_ext": 13.46,
      "Vflat": 104.9,
      "Mb": 5988180000.0,
      "xi_Re": 0.1959,
      "acf1": 0.5394,
      "acf2": -0.0678,
      "env": "dense"
    },
    {
      "name": "NGC0289",
      "n": 28,
      "kstar": 1.239,
      "xi_kpc": 9.18,
      "R_ext": 69.62,
      "Vflat": 163.0,
      "Mb": 72566270000.0,
      "xi_Re": 0.1319,
      "acf1": 0.5284,
      "acf2": -0.1438,
      "env": "field"
    },
    {
      "name": "NGC0300",
      "n": 25,
      "kstar": 1.173,
      "xi_kpc": 1.773,
      "R_ext": 10.89,
      "Vflat": 93.3,
      "Mb": 2705880000.0,
      "xi_Re": 0.1628,
      "acf1": 0.455,
      "acf2": -0.0489,
      "env": "dense"
    },
    {
      "name": "NGC1003",
      "n": 36,
      "kstar": 2.579,
      "xi_kpc": 3.612,
      "R_ext": 28.99,
      "Vflat": 109.8,
      "Mb": 11230400000.0,
      "xi_Re": 0.1246,
      "acf1": 0.8064,
      "acf2": 0.5245,
      "env": "field"
    },
    {
      "name": "NGC1090",
      "n": 24,
      "kstar": 1.0,
      "xi_kpc": 7.443,
      "R_ext": 29.74,
      "Vflat": 164.4,
      "Mb": 47703890000.0,
      "xi_Re": 0.2503,
      "acf1": 0.3374,
      "acf2": 0.1052,
      "env": "field"
    },
    {
      "name": "NGC2403",
      "n": 73,
      "kstar": 4.044,
      "xi_kpc": 3.282,
      "R_ext": 20.71,
      "Vflat": 131.2,
      "Mb": 9275170000.0,
      "xi_Re": 0.1585,
      "acf1": 0.8713,
      "acf2": 0.6973,
      "env": "dense"
    },
    {
      "name": "NGC2841",
      "n": 50,
      "kstar": 1.682,
      "xi_kpc": 11.151,
      "R_ext": 60.2,
      "Vflat": 284.8,
      "Mb": 107061250000.0,
      "xi_Re": 0.1852,
      "acf1": 0.6125,
      "acf2": 0.2541,
      "env": "field"
    },
    {
      "name": "NGC2903",
      "n": 34,
      "kstar": 1.376,
      "xi_kpc": 7.175,
      "R_ext": 24.64,
      "Vflat": 184.6,
      "Mb": 44325660000.0,
      "xi_Re": 0.2912,
      "acf1": 0.5508,
      "acf2": 0.0641,
      "env": "field"
    },
    {
      "name": "NGC2915",
      "n": 30,
      "kstar": 1.0,
      "xi_kpc": 1.076,
      "R_ext": 9.7,
      "Vflat": 83.5,
      "Mb": 996140000.0,
      "xi_Re": 0.1109,
      "acf1": 0.3067,
      "acf2": 0.3948,
      "env": "dense"
    },
    {
      "name": "NGC2955",
      "n": 24,
      "kstar": 1.106,
      "xi_kpc": 15.173,
      "R_ext": 34.68,
      "Vflat": 0.0,
      "Mb": 198213170000.0,
      "xi_Re": 0.4375,
      "acf1": 0.4077,
      "acf2": 0.0311,
      "env": "field"
    },
    {
      "name": "NGC2976",
      "n": 27,
      "kstar": 1.423,
      "xi_kpc": 1.491,
      "R_ext": 2.16,
      "Vflat": 85.4,
      "Mb": 1914260000.0,
      "xi_Re": 0.6903,
      "acf1": 0.6197,
      "acf2": 0.0244,
      "env": "dense"
    },
    {
      "name": "NGC3109",
      "n": 25,
      "kstar": 1.0,