{
  "test_name": "cluster_gcore_standardized_A3b",
  "univariate": {
    "all_20": {
      "label": "All 20 clusters",
      "n": 20,
      "B": 0.13818309320989158,
      "B_err": 0.17211042329125023,
      "r": 0.18593926619621803,
      "p": 0.4325213157428183,
      "rho": 0.38345864661654133,
      "rho_p": 0.09512441358281754,
      "ci": [
        -0.19551138546377475,
        0.5709665221015242
      ],
      "ratio_med": 0.50234692324135,
      "ratio_std": 0.40928777960224544
    },
    "no_RXJ2248": {
      "label": "Excluding RXJ2248 (N=19)",
      "n": 19,
      "B": 0.13843247469506884,
      "B_err": 0.21712086406117936,
      "r": 0.1528201259157413,
      "p": 0.5322396612204222,
      "rho": 0.34912280701754383,
      "rho_p": 0.142909282451144,
      "ci": [
        -0.27233012240769017,
        0.7866557323543365
      ],
      "ratio_med": 0.49746806137507543,
      "ratio_std": 0.3549198169793706
    },
    "rad_14_3_only": {
      "label": "Rad=14.3 kpc only (standardized)",
      "n": 13,
      "B": 0.6613969866005966,
      "B_err": 0.36956762822143646,
      "r": 0.4748763501650241,
      "p": 0.1010445052792854,
      "rho": 0.7087912087912087,
      "rho_p": 0.006681784135857957,
      "ci": [
        -0.03477620462207101,
        1.3529407784592673
      ],
      "ratio_med": 0.48639475832228524,
      "ratio_std": 0.13837149910311924
    }
  },
  "multivariate_all": {
    "label": "All clusters with g_core + c200 + g200",
    "n": 9,
    "names": [
      "A209",
      "A383",
      "MACS0329",
      "MACS1115",
      "MACS1206",
      "MACS1931",
      "MS2137",
      "RXJ2129",
      "RXJ2248"
    ],
    "full_R2": 0.7488570495478908,
    "full_R2_adj": 0.5981712792766253,
    "full_coeff": {
      "intercept": {
        "b": 33.30330178005584,
        "se": 13.550032487540157,
        "p": 0.057383354488974136
      },
      "log g_core": {
        "b": 1.2222726954719552,
        "se": 0.39012362115867594,
        "p": 0.025868573719719512
      },
      "log c_200": {
        "b": -0.7386461330987912,
        "se": 0.4217627058913283,
        "p": 0.14028153995209736
      },
      "log g_200": {
        "b": 3.0255679512685125,
        "se": 1.0323552736642079,
        "p": 0.03260464135779828
      }
    },
    "bivar_gc_g200_R2": 0.5947979003330607,
    "bivar_gc_g200_R2_adj": 0.45973053377741424,
    "univar_gcore_R2": 0.3049143111794833,
    "univar_g200_R2": 0.0752154206550929
  },
  "multivariate_no_RXJ2248": {
    "label": "Excluding RXJ2248",
    "n": 8,
    "names": [
      "A209",
      "A383",
      "MACS0329",
      "MACS1115",
      "MACS1206",
      "MACS1931",
      "MS2137",
      "RXJ2129"
    ],
    "full_R2": 0.8906616319878953,
    "full_R2_adj": 0.8086578559788167,
    "full_coeff": {
      "intercept": {
        "b": 24.742657449219813,
        "se": 10.62237128782464,
        "p": 0.08031392255396508
      },
      "log g_core": {
        "b": 1.5118414225049557,
        "se": 0.31290669391658643,
        "p": 0.008451423611088638
      },
      "log c_200": {
        "b": -0.49713224703340386,
        "se": 0.3269840341672603,
        "p": 0.2030579109895818
      },
      "log g_200": {
        "b": 1.981116286649988,
        "se": 0.8837778744092367,
        "p": 0.08846042524560715
      }
    },
    "bivar_gc_g200_R2": 0.8274781769190512,
    "bivar_gc_g200_R2_adj": 0.7584694476866718,
    "univar_gcore_R2": 0.7518307268219491,
    "univar_g200_R2": 0.15659261237457955
  }
}