{
  "alpha_input": 3.54,
  "alpha_corrected_median": 2.2992367628565757,
  "alpha_corrected_mean": 2.400648653737122,
  "alpha_corrected_std": 0.5040114291017356,
  "spearman_rho": -0.3077621146670581,
  "spearman_p": 0.00034897679778848705,
  "n_galaxies": 131,
  "n_extrapolated": 20,
  "deviation_pct": 35.049808958853795,
  "per_galaxy": [
    {
      "name": "CamB",
      "logMs": 7.574031267727719,
      "logMdyn": 8.06984653071554,
      "logMlocal": 7.685536343595956,
      "Vflat": 16.8,
      "R_last": 1.79,
      "xi_star": 0.20870823330616145,
      "xi_eff": 0.7388271459038115,
      "extrapolated": 