{
  "test": "eagle_rar_inversion",
  "simulation": "RefL0100N1504",
  "n_rar_points": 294694,
  "n_galaxies": 29716,
  "aperture_sizes_kpc": [
    1.0,
    3.0,
    5.0,
    10.0,
    20.0,
    30.0,
    40.0,
    50.0,
    70.0,
    100.0
  ],
  "eagle_result": {
    "inversion_log_g": -4.785954566001536,
    "delta_from_gdagger": 5.134864187950839,
    "scatter_profile": {
      "centers": [
        -5.336299695654537,
        -5.036299695654536,
        -4.736299695654537,
        -4.436299695654537,
        -4.136299695654538,
        -3.8362996956545374,
        -3.5362996956545376,
        -3.236299695654538,
        -2.936299695654538,
        -2.636299695654538,
        -2.3362996956545383,
        -2.0362996956545385,
        -1.7362996956545387,
        -1.4362996956545389,
        -1.136299695654539,
        -0.8362996956545392,
        -0.5362996956545394,
        -0.23629969565453957,
        0.06370030434546026,
        0.3637003043454601,
        0.6637003043454599,
        0.9637003043454597,
        1.2637003043454595
      ],
      "sigmas": [
        0.20067581530343617,
        0.20049877961721937,
        0.2055733178404524,
        0.19547660189086893,
        0.18271438611556803,
        0.1784595052590526,
        0.18299891967081847,
        0.19125569321669528,
        0.19487816244902514,
        0.18068442562350856,
        0.16553424115640367,
        0.14819271497294267,
        0.13278657533727675,
        0.11698777970482471,
        0.10422150137458039,
        0.09549709312661464,
        0.08891835410806564,
        0.08296912975940329,
        0.0707318767505655,
        0.05970231314994125,
        0.047276899439257385,
        0.02913102584972653,
        0.013789102888162591
      ]
    }
  },
  "sparc_result": {
    "inversion_log_g": -9.8598685760116,
    "delta_from_gdagger": 0.06095017794077506
  },
  "robustness_offsets": {
    "n_found": 10,
    "mean": -4.461431125146268,
    "std": 0.7672496290712851
  },
  "verdict": "DISCRIMINATING"
}