{
  "tng_points": 313485,
  "tng_galaxies": 20899,
  "sparc_points": 2800,
  "sparc_galaxies": 135,
  "thresholds": [
    -10.4,
    -10.5,
    -10.6,
    -10.7,
    -10.8
  ],
  "min_pts": [
    10,
    15,
    20
  ],
  "rmins": [
    0.0,
    0.5,
    1.0,
    2.0
  ],
  "massmatch_caliper_dex": 0.05,
  "best_massmatched": [
    {
      "dm_threshold": -10.6,
      "min_pts": 15,
      "rmin_kpc": 2.0,
      "tng_gal": 1323,
      "sparc_gal": 25,
      "massmatch_pairs": 15,
      "massmatch_mean_abs_dlogM": 0.004200717197323911,
      "un_n_tng": 1323,
      "un_n_sparc": 25,
      "un_mw_p": 2.264835452843528e-07,
      "un_cliffs_delta": 0.6035676492819351,
      "un_median_tng": 0.08475885050972932,
      "un_median_sparc": 0.039461345843141794,
      "un_median_diff": 0.04529750466658753,
      "un_median_ratio": 2.1478955848754975,
      "mm_n_tng": 15,
      "mm_n_sparc": 15,
      "mm_mw_p": 0.00013564226281566485,
      "mm_cliffs_delta": 0.8222222222222222,
      "mm_median_tng": 0.11801207281593912,
      "mm_median_sparc": 0.032934168392281624,
      "mm_median_diff": 0.0850779044236575,
      "mm_median_ratio": 3.5832716773135878,
      "mm_score": 3.1800307562621293
    },
    {
      "dm_threshold": -10.7,
      "min_pts": 15,
      "rmin_kpc": 2.0,
      "tng_gal": 985,
      "sparc_gal": 25,
      "massmatch_pairs": 13,
      "massmatch_mean_abs_dlogM": 0.005248902221325125,
      "un_n_tng": 985,
      "un_n_sparc": 25,
      "un_mw_p": 1.6982283257009404e-08,
      "un_cliffs_delta": 0.6598578680203047,
      "un_median_tng": 0.09111293243236306,
      "un_median_sparc": 0.037041079171840297,
      "un_median_diff": 0.05407185326052276,
      "un_median_ratio": 2.4597807210117613,
      "mm_n_tng": 13,
      "mm_n_sparc": 13,
      "mm_mw_p": 0.00022222837004574992,
      "mm_cliffs_delta": 0.8579881656804733,
      "mm_median_tng": 0.13296506618322365,
      "mm_median_sparc": 0.032934168392281624,
      "mm_median_diff": 0.10003089779094203,
      "mm_median_ratio": 4.037298425133001,
      "mm_score": 3.1344027950817535
    },
    {
      "dm_threshold": -10.7,
      "min_pts": 15,
      "rmin_kpc": 1.0,
      "tng_gal": 1898,
      "sparc_gal": 29,
      "massmatch_pairs": 13,
      "massmatch_mean_abs_dlogM": 0.005230780735225393,
      "un_n_tng": 1898,
      "un_n_sparc": 29,
      "un_mw_p": 4.781971797371829e-06,
      "un_cliffs_delta": 0.49427709748919013,
      "un_median_tng": 0.08603147721588496,
      "un_median_sparc": 0.041579014817487575,
      "un_median_diff": 0.04445246239839738,
      "un_median_ratio": 2.0691081208518987,
      "mm_n_tng": 13,
      "mm_n_sparc": 13,
      "mm_mw_p": 0.00027155408688451095,
      "mm_cliffs_delta": 0.8461538461538463,
      "mm_median_tng": 0.13296506618322365,
      "mm_median_sparc": 0.037829998311551406,
      "mm_median_diff": 0.09513506787167225,
      "mm_median_ratio": 3.514804972714543,
      "mm_score": 3.0175061710516533
    },
    {
      "dm_threshold": -10.7,
      "min_pts": 15,
      "rmin_kpc": 0.5,
      "tng_gal": 1898,
      "sparc_gal": 31,
      "massmatch_pairs": 13,
      "massmatch_mean_abs_dlogM": 0.005230780735225393,
      "un_n_tng": 1898,
      "un_n_sparc": 31,
      "un_mw_p": 0.00012273711679815534,
      "un_cliffs_delta": 0.4016112036439037,
      "un_median_tng": 0.08603147721588496,
      "un_median_sparc": 0.046160395325761897,
      "un_median_diff": 0.03987108189012306,
      "un_median_ratio": 1.8637508758048094,
      "mm_n_tng": 13,
      "mm_n_sparc": 13,
      "mm_mw_p": 0.00027155408688451095,
      "mm_cliffs_delta": 0.8461538461538463,
      "mm_median_tng": 0.13296506618322365,
      "mm_median_sparc": 0.037829998311551406,
      "mm_median_diff": 0.09513506787167225,
      "mm_median_ratio": 3.514804972714543,
      "mm_score": 3.0175061710516533
    },
    {
      "dm_threshold": -10.7,
      "min_pts": 15,
      "rmin_kpc": 0.0,
      "tng_gal": 1898,
      "sparc_gal": 33,
      "massmatch_pairs": 14,
      "massmatch_mean_abs_dlogM": 0.004865203398561668,
      "un_n_tng": 1898,
      "un_n_sparc": 33,
      "un_mw_p": 0.001309995596825185,
      "un_cliffs_delta": 0.3258932847973943,
      "un_median_tng": 0.08603147721588496,
      "un_median_sparc": 0.04752544796165174,
      "un_median_diff": 0.038506029254233215,
      "un_median_ratio": 1.8102191753206347,
      "mm_n_tng": 14,
      "mm_n_sparc": 14,
      "mm_mw_p": 0.0003695221986422001,
      "mm_cliffs_delta": 0.7959183673469388,
      "mm_median_tng": 0.13150178436194182,
      "mm_median_sparc": 0.041995196818656655,
      "mm_median_diff": 0.08950658754328517,
      "mm_median_ratio": 3.131352971859897,
      "mm_score": 2.7318779428989117
    },
    {
      "dm_threshold": -10.6,
      "min_pts": 15,
      "rmin_kpc": 0.5,
      "tng_gal": 2953,
      "sparc_gal": 32,
      "massmatch_pairs": 15,
      "massmatch_mean_abs_dlogM": 0.0041749520369215535,
      "un_n_tng": 2953,
      "un_n_sparc": 32,
      "un_mw_p": 0.0033479199837092885,
      "un_cliffs_delta": 0.3011132746359635,
      "un_median_tng": 0.07900172839225801,
      "un_median_sparc": 0.04844364112120464,
      "un_median_diff": 0.030558087271053372,
      "un_median_ratio": 1.6307966652340993,
      "mm_n_tng": 15,
      "mm_n_sparc": 15,
      "mm_mw_p": 0.0004936885181146133,
      "mm_cliffs_delta": 0.7511111111111111,
      "mm_median_tng": 0.09382550090319114,
      "mm_median_sparc": 0.03951014296896873,
      "mm_median_diff": 0.05431535793422241,
      "mm_median_ratio": 2.374719346798661,
      "mm_score": 2.4835841709818336
    },
    {
      "dm_threshold": -10.6,
      "min_pts": 15,
      "rmin_kpc": 1.0,
      "tng_gal": 2952,
      "sparc_gal": 30,
      "massmatch_pairs": 15,
      "massmatch_mean_abs_dlogM": 0.0041749520369215535,
      "un_n_tng": 2952,
      "un_n_sparc": 30,
      "un_mw_p": 0.00021357546636160195,
      "un_cliffs_delta": 0.3923215898825656,
      "un_median_tng": 0.0789577008300205,
      "un_median_sparc": 0.04405241548143205,
      "un_median_diff": 0.03490528534858845,
      "un_median_ratio": 1.7923580345622798,
      "mm_n_tng": 15,
      "mm_n_sparc": 15,
      "mm_mw_p": 0.0004936885181146133,
      "mm_cliffs_delta": 0.7511111111111111,
      "mm_median_tng": 0.09382550090319114,
      "mm_median_sparc": 0.03951014296896873,
      "mm_median_diff": 0.05431535793422241,
      "mm_median_ratio": 2.374719346798661,
      "mm_score": 2.4835841709818336
    },
    {
      "dm_threshold": -10.8,
      "min_pts": 15,
      "rmin_kpc": 2.0,
      "tng_gal": 661,
      "sparc_gal": 22,
      "massmatch_pairs": 9,
      "massmatch_mean_abs_dlogM": 0.010356783008886181,
      "un_n_tng": 661,
      "un_n_sparc": 22,
      "un_mw_p": 1.923600320662381e-08,
      "un_cliffs_delta": 0.7036171090634025,
      "un_median_tng": 0.09943530152990336,
      "un_median_sparc": 0.034477051928519825,
      "un_median_diff": 0.06495824960138354,
      "un_median_ratio": 2.884101045996027,
      "mm_n_tng": 9,
      "mm_n_sparc": 9,
      "mm_mw_p": 0.0019976900972723025,
      "mm_cliffs_delta": 0.8765432098765431,
      "mm_median_tng": 0.11801207281593912,
      "mm_median_sparc": 0.032934168392281624,
      "mm_median_diff": 0.0850779044236575,
      "mm_median_ratio": 3.5832716773135878,
      "mm_score": 2.3662037494881503
    },
    {
      "dm_threshold": -10.6,
      "min_pts": 15,
      "rmin_kpc": 0.0,
      "tng_gal": 2953,
      "sparc_gal": 34,
      "massmatch_pairs": 16,
      "massmatch_mean_abs_dlogM": 0.0039210611609847845,
      "un_n_tng": 2953,
      "un_n_sparc": 34,
      "un_mw_p": 0.022673276008686533,
      "un_cliffs_delta": 0.22698751020896002,
      "un_median_tng": 0.07900172839225801,
      "un_median_sparc": 0.0538356131029444,
      "un_median_diff": 0.02516611528931361,
      "un_median_ratio": 1.4674622213587685,
      "mm_n_tng": 16,
      "mm_n_sparc": 16,
      "mm_mw_p": 0.0007431125250616019,